,SGCN,SGCN,2-period SGCN,2-period SGCN,3-period SGCN,3-period SGCN
0,0.801652312,0.533573999,1.163499355,0.593012052,2.05545187,0.624046027
1,0.754096568,0.570291964,1.008581758,0.588490629,1.649295688,0.59283909
2,0.763810337,0.584765707,0.916799664,0.589204042,1.449144006,0.600426756
3,0.755893409,0.594156885,0.88157326,0.607722248,1.44317627,0.595456946
4,0.744850278,0.597421925,0.886324406,0.623955167,1.3049438,0.576390406
5,0.746992588,0.594297115,0.867229521,0.626927267,1.244328976,0.551864727
6,0.752871275,0.589018053,0.847114921,0.622562714,1.255784512,0.540484815
7,0.752691031,0.584897617,0.849953592,0.618675448,1.188744664,0.545936948
8,0.748295009,0.582909212,0.843916059,0.620188866,1.120239973,0.560899691
9,0.746138394,0.58270308,0.827043295,0.626641661,1.105352998,0.574157883
10,0.748394549,0.582919611,0.810987234,0.635331467,1.084733248,0.582203133
11,0.750572264,0.582110084,0.804426908,0.642785909,1.03346467,0.585829861
12,0.749064922,0.579928683,0.796147823,0.647427639,0.993481278,0.590322603
13,0.745674789,0.576509619,0.780619919,0.649308546,0.988362491,0.60169945
14,0.744006991,0.572514854,0.764728963,0.650684032,0.973207474,0.624099886
15,0.74453336,0.569406246,0.759869099,0.654038837,0.954281569,0.663094163
16,0.745153427,0.567479581,0.75536859,0.660800227,0.931804895,0.688715085
17,0.744056642,0.567307166,0.750433981,0.671164371,0.929834545,0.699118638
18,0.742142737,0.567969786,0.740355968,0.681619703,0.928396285,0.696835431
19,0.741101265,0.569278932,0.738626122,0.689378362,0.902078986,0.686363678
20,0.741538882,0.570414132,0.736329913,0.69309792,0.880204916,0.673348837
21,0.742407799,0.570890763,0.730239213,0.692549805,0.880594969,0.659538918
22,0.741962671,0.570606361,0.721933365,0.68870173,0.881609678,0.647386369
23,0.740844667,0.569707615,0.716198802,0.68300953,0.860051572,0.639868435
24,0.740090907,0.568796172,0.71354574,0.67612827,0.857139111,0.638913641
25,0.740008712,0.568221785,0.706025124,0.668812964,0.857803464,0.642638016
26,0.740082204,0.568025287,0.700695753,0.662515835,0.848887682,0.64877729
27,0.739147127,0.568551288,0.701250136,0.658325557,0.829266131,0.656818927
28,0.738010943,0.569525568,0.700611711,0.655939886,0.830122352,0.666846452
29,0.737168372,0.57087686,0.695616663,0.654682847,0.833203971,0.681559276
30,0.736654043,0.572368055,0.691884458,0.654495216,0.815633178,0.694293328
31,0.736347973,0.573732594,0.688228011,0.655846728,0.805160105,0.705014233
32,0.735441685,0.575015687,0.686333835,0.659125561,0.803466439,0.713588659
33,0.734369397,0.57638756,0.681370258,0.664714641,0.796608984,0.71884736
34,0.73351723,0.577899773,0.678308845,0.672065306,0.792426765,0.720668058
35,0.733192384,0.579801807,0.675988138,0.679611593,0.780569196,0.719447472
36,0.732186258,0.582309318,0.671518087,0.6868587,0.778835833,0.716220855
37,0.731132329,0.58528098,0.669663072,0.693459826,0.77340734,0.711839116
38,0.729773819,0.588623196,0.66805011,0.698879776,0.76927501,0.70774123
39,0.728745699,0.591874225,0.664155662,0.70328943,0.766120493,0.7052543
40,0.727220178,0.594743423,0.665271282,0.706415663,0.766103089,0.704964206
41,0.725665748,0.597611308,0.659086704,0.708431874,0.762262404,0.706878391
42,0.724173844,0.600856643,0.656643212,0.709387106,0.754831314,0.710775837
43,0.722832382,0.605086768,0.655462384,0.709641294,0.746291041,0.716592505
44,0.720752716,0.61019659,0.653180838,0.709752078,0.741023779,0.722998666
45,0.718573034,0.614925348,0.651111186,0.710189518,0.736242592,0.729644346
46,0.716036201,0.620155259,0.647971809,0.710893079,0.733829796,0.735896046
47,0.714153469,0.623951008,0.647320926,0.712184054,0.724879801,0.741352887
48,0.711285293,0.62811764,0.643751323,0.714125607,0.724286139,0.745348746
49,0.708661497,0.633218047,0.643234789,0.716825128,0.715792418,0.747365723
50,0.706258416,0.639702698,0.640695989,0.719975225,0.714838088,0.747460415
51,0.703678131,0.649079974,0.637529969,0.72356736,0.706770778,0.746139883
52,0.700789869,0.660659011,0.638170183,0.727515929,0.708277464,0.744491709
53,0.69643563,0.6687787,0.632537782,0.731518904,0.702053189,0.743532645
54,0.693137586,0.674540414,0.632946312,0.735594129,0.698169053,0.744054925
55,0.688834429,0.684219169,0.628622353,0.739165575,0.688187838,0.746168126
56,0.687032521,0.692132288,0.626178443,0.74209312,0.685096622,0.74963667
57,0.684249699,0.695210792,0.624609888,0.744354981,0.680163383,0.75401425
58,0.681620955,0.702200317,0.623043478,0.745938897,0.673686504,0.758665176
59,0.677701354,0.70379091,0.62189877,0.747169444,0.669440031,0.76345469
60,0.674286246,0.706650038,0.619057596,0.747965179,0.675024331,0.767745023
61,0.670031607,0.714074813,0.616024137,0.748563102,0.66764766,0.771107491
62,0.66761595,0.712481593,0.612271667,0.749392444,0.663873851,0.773118228
63,0.669325233,0.734928554,0.614626765,0.750501699,0.655038059,0.773469407
64,0.675541759,0.711474801,0.612219393,0.752100503,0.652172446,0.772811385
65,0.657994092,0.729678939,0.610197723,0.754083107,0.651615441,0.772510563
66,0.6677863,0.741471771,0.606703341,0.756420721,0.649164677,0.773316478
67,0.660459042,0.716355175,0.606262803,0.759057515,0.641427875,0.775298097
68,0.65398401,0.716819764,0.609270334,0.761863768,0.641406953,0.777909275
69,0.656957448,0.73382302,0.602209687,0.764672101,0.63391906,0.78107426
70,0.646082997,0.72443841,0.601986706,0.767300248,0.632016242,0.784120799
71,0.651085258,0.716093104,0.598695695,0.769573055,0.634327054,0.786818349
72,0.639776945,0.729571221,0.598118961,0.771205028,0.622999609,0.788387705
73,0.644233167,0.74334589,0.597317636,0.772485056,0.624240756,0.789341952
74,0.639870405,0.734799489,0.593067229,0.773459883,0.619926929,0.789505718
75,0.637799025,0.741388683,0.592281997,0.774313637,0.615403414,0.790596364
76,0.635566175,0.758274041,0.593546569,0.775207346,0.611363292,0.791860519
77,0.630064189,0.755932377,0.590975225,0.776291752,0.611147583,0.794275966
78,0.632538021,0.751354248,0.590414464,0.777557111,0.606313109,0.796733558
79,0.624721766,0.758226312,0.588121593,0.77916938,0.608707309,0.798614794
80,0.628151774,0.762635529,0.585175931,0.780807373,0.605694711,0.799760065
81,0.622633338,0.755711686,0.583578527,0.782412855,0.600095987,0.799954045
82,0.620077133,0.75795023,0.582388341,0.783979802,0.600772977,0.800608235
83,0.621838987,0.765583436,0.584230006,0.785222611,0.595963001,0.80190129
84,0.616653383,0.762601046,0.584041893,0.786195905,0.599589348,0.803182632
85,0.615487278,0.761932406,0.578953624,0.787024371,0.58931762,0.803817227
86,0.61291796,0.767869708,0.578722119,0.787696624,0.5948686,0.80413644
87,0.609459996,0.766897728,0.576941907,0.788292795,0.591216266,0.805553305
88,0.609844625,0.765605658,0.576784015,0.788786722,0.589228392,0.806585385
89,0.60728097,0.771120189,0.574339926,0.789232154,0.585534811,0.808537666
90,0.603050172,0.770791452,0.572643697,0.789963849,0.586027503,0.81110429
91,0.604652643,0.770939564,0.572946787,0.790934735,0.58210665,0.812488643
92,0.600154459,0.774519658,0.567303896,0.792264024,0.581648827,0.812148083
93,0.598701835,0.773546474,0.568356335,0.793779521,0.58113426,0.811061487
94,0.596667826,0.775166514,0.565892935,0.79492107,0.577674031,0.811451418
95,0.595545173,0.777056726,0.567922056,0.795776904,0.579498231,0.813511964
96,0.59664923,0.77596411,0.562298834,0.79629765,0.572240412,0.816068517
97,0.59333235,0.779735994,0.563009143,0.796516152,0.570761085,0.817088884
98,0.594995975,0.774340785,0.564579308,0.796828906,0.570185661,0.816642357
99,0.596367002,0.780613065,0.561345398,0.797400228,0.567304552,0.816298513
100,0.602294028,0.772517897,0.560940146,0.798218295,0.563931227,0.817389487
101,0.592986584,0.780091004,0.561069548,0.799248951,0.566456497,0.818877289
102,0.587247968,0.776194762,0.561438382,0.800151637,0.560949802,0.819026824
103,0.584739506,0.777261325,0.561143458,0.800756347,0.56365937,0.820064486
104,0.587867975,0.783428076,0.557552814,0.801307855,0.565995336,0.819938815
105,0.587525308,0.77852329,0.556556225,0.801637359,0.558540344,0.822432314
106,0.579501808,0.784137329,0.556920052,0.8019962,0.564293623,0.826364243
107,0.579306602,0.785632137,0.556684554,0.80241306,0.55951041,0.8289509
108,0.579955459,0.782952211,0.552586436,0.802905345,0.559948027,0.829714889
109,0.579119444,0.786997551,0.553896487,0.803525928,0.558269918,0.827166217
110,0.575352669,0.786978394,0.551194549,0.803943664,0.557409883,0.826819637
111,0.572752178,0.785119381,0.54975009,0.804319473,0.560263634,0.825370697
112,0.579001248,0.789973482,0.547460794,0.804662223,0.554675698,0.827929549
113,0.575233221,0.786495852,0.546288192,0.805211651,0.553154051,0.826793364
114,0.56982559,0.79046303,0.546307921,0.80574006,0.550683916,0.829167322
115,0.56926316,0.792981488,0.546182036,0.806352324,0.55151701,0.82684569
116,0.576674104,0.789369429,0.545988142,0.807315219,0.551595032,0.828059708
117,0.571564198,0.795938481,0.545493066,0.808460052,0.549387813,0.829103391
118,0.565319002,0.795252763,0.545171082,0.809458414,0.550446689,0.83041845
119,0.568582416,0.794547122,0.543350577,0.810412442,0.547368765,0.835655585
120,0.56255877,0.798402313,0.53912878,0.810659405,0.556303978,0.832722019
121,0.562522113,0.796934326,0.541300416,0.810351686,0.554964185,0.833372596
122,0.560296953,0.795844884,0.540275753,0.810804343,0.54819113,0.82992299
123,0.55775398,0.797244453,0.536444604,0.812176216,0.544761419,0.831556934
124,0.55641675,0.796555889,0.54063344,0.813762869,0.544940889,0.836074306
125,0.556692302,0.797993663,0.539572239,0.815688001,0.54811424,0.836974913
126,0.555354536,0.799279384,0.540743887,0.815533321,0.543117225,0.838370431
127,0.555876315,0.79882815,0.549317479,0.817158616,0.539561033,0.835850222
128,0.55524236,0.802424117,0.550744593,0.814631291,0.545120239,0.832483156
129,0.553391218,0.802998613,0.53486073,0.815247714,0.541325152,0.834466964
130,0.551765203,0.802886188,0.543509781,0.817225502,0.540226996,0.835931886
131,0.552890003,0.803538846,0.546992064,0.81572752,0.535312533,0.839766606
132,0.550435662,0.803602229,0.531675994,0.816651115,0.537676096,0.840408098
133,0.549452662,0.80750679,0.544750869,0.819056819,0.533984244,0.840258563
134,0.55229187,0.805311378,0.534044325,0.81615675,0.535902262,0.838387837
135,0.553561866,0.809570073,0.53890115,0.81527968,0.537883818,0.836163086
136,0.559756041,0.805637378,0.535117328,0.816896764,0.5380041,0.83675663
137,0.548445702,0.809183755,0.53257978,0.817490637,0.534857452,0.836791332
138,0.545515418,0.810620544,0.537362456,0.817906731,0.537147164,0.836869165
139,0.549551189,0.808120368,0.528587699,0.820322506,0.535289049,0.834751366
140,0.547879994,0.808971713,0.531815827,0.822834724,0.535906434,0.837890079
141,0.539536238,0.808524858,0.526970208,0.821281132,0.537482679,0.840639079
142,0.543040156,0.811357603,0.528560281,0.820602201,0.533593357,0.845411954
143,0.545566022,0.813534406,0.528126419,0.82196455,0.529690623,0.844965099
144,0.545711637,0.809878559,0.530678868,0.822163675,0.528728545,0.843224204
145,0.542405248,0.811026567,0.526735723,0.821969038,0.529912829,0.842339908
146,0.543347239,0.815640272,0.524759591,0.823540913,0.530102015,0.840730596
147,0.553019881,0.81390704,0.525264204,0.825406493,0.534142315,0.840730815
148,0.53792417,0.812953341,0.526169837,0.824478301,0.535142303,0.838387618
149,0.541744828,0.815591558,0.524207532,0.824815577,0.54337132,0.844075987
150,0.547674894,0.818326328,0.527008057,0.827068133,0.548693419,0.842602964
151,0.533862472,0.821131158,0.522005558,0.826338846,0.53103739,0.843162791
152,0.54275316,0.82210281,0.520063758,0.826832335,0.543819189,0.843549876
153,0.550543308,0.816538252,0.520899117,0.828937545,0.554202676,0.841619927
154,0.5367558,0.816795943,0.517018378,0.828458615,0.532935023,0.838028448
155,0.549496412,0.822627936,0.51889354,0.828206945,0.557314396,0.838643886
156,0.537033737,0.81951265,0.518555105,0.830865743,0.529520988,0.839005136
157,0.54001534,0.815010932,0.516025186,0.831318399,0.546620727,0.841581831
158,0.53589344,0.813597022,0.519674897,0.830564373,0.531922221,0.841790043
159,0.533251166,0.818444993,0.514402986,0.830783969,0.532908678,0.842321408
160,0.536995292,0.825779128,0.517609715,0.829487411,0.535281241,0.841968259
161,0.52658999,0.825942238,0.519598007,0.829268472,0.530394197,0.842517578
162,0.534035623,0.823107413,0.513483405,0.832131649,0.535954952,0.844446213
163,0.530323505,0.823160287,0.515045345,0.83001593,0.525710404,0.844352835
164,0.533280432,0.827927907,0.519604921,0.830307557,0.533174872,0.84517747
165,0.530526936,0.831269357,0.514281631,0.83230899,0.520722568,0.845335106
166,0.530646682,0.822572325,0.51340425,0.83115113,0.534863651,0.846388423
167,0.529697657,0.820446316,0.513006628,0.833876813,0.525697291,0.845294602
168,0.529982984,0.825667797,0.515137911,0.833834996,0.530588508,0.844514741
169,0.530689716,0.832635975,0.511638939,0.832602806,0.520942152,0.843777573
170,0.528716922,0.827595338,0.513916433,0.83452356,0.525148451,0.843155238
171,0.525556862,0.821804506,0.512770355,0.833567233,0.527152121,0.841899512
172,0.525151968,0.824890344,0.513653636,0.836132544,0.525669158,0.840969677
173,0.525652289,0.833963075,0.51143384,0.836129041,0.52311939,0.841066448
174,0.522309244,0.832932638,0.512203991,0.837155866,0.523968458,0.840996607
175,0.519245088,0.824724169,0.509474456,0.837732552,0.524713337,0.843027487
176,0.521623254,0.824179339,0.509056211,0.836231614,0.522692561,0.847227507
177,0.521165788,0.831731976,0.510187745,0.840290418,0.527198732,0.849226313
178,0.523443997,0.834361764,0.517458022,0.83607146,0.517971516,0.848211092
179,0.520735204,0.827531846,0.512588799,0.841037767,0.522613943,0.846455637
180,0.521030068,0.827927688,0.513366044,0.836588923,0.520789862,0.845929526
181,0.518858254,0.834625585,0.509243846,0.837529376,0.521173358,0.844678836
182,0.522703409,0.838669612,0.509245634,0.837707374,0.517360926,0.843898208
183,0.520921111,0.832446484,0.515517175,0.835740205,0.515538692,0.845054536
184,0.518218517,0.829528352,0.507730007,0.838885705,0.518039584,0.84587501
185,0.519516587,0.835782679,0.506491601,0.836611474,0.518557131,0.845465922
186,0.519439101,0.837132768,0.506823957,0.835519295,0.515427053,0.845590389
187,0.519982517,0.831622725,0.507004976,0.83943349,0.517393112,0.848079509
188,0.517973363,0.83431086,0.507331669,0.838660854,0.517511547,0.848892978
189,0.516161084,0.840307605,0.503307581,0.839734313,0.516768038,0.850011429
190,0.516052783,0.838376561,0.504079819,0.840744498,0.517302871,0.849282799
191,0.514486432,0.832692352,0.50974375,0.838634691,0.513961315,0.846826301
192,0.514879763,0.835989358,0.50640285,0.842268534,0.517522991,0.84472536
193,0.52009058,0.840673234,0.504558802,0.8388845,0.517281771,0.846668993
194,0.519509792,0.826065172,0.501064062,0.836178521,0.515636921,0.848698998
195,0.519283414,0.834536915,0.502504468,0.837803707,0.515437186,0.849396647
196,0.521699727,0.845166523,0.504509687,0.837283617,0.516284585,0.848841418
197,0.518327892,0.84068637,0.504619539,0.83869676,0.515133679,0.848563036
198,0.515684903,0.832549713,0.503326654,0.838376561,0.512048244,0.848643934
199,0.51688683,0.8392209,0.503759265,0.840522604,0.516259611,0.84825269
200,0.51890403,0.846336425,0.505594134,0.843697879,0.514854789,0.847956027
201,0.521840096,0.833344353,0.504713476,0.840744061,0.514596999,0.847145077
202,0.51396656,0.836017491,0.503133535,0.842308819,0.513892591,0.847433091
203,0.514732718,0.850106667,0.501336575,0.842818509,0.514062703,0.848925709
204,0.52182883,0.838173386,0.499130189,0.8425583,0.514038563,0.848575297
205,0.516284108,0.831796344,0.502126396,0.840810399,0.511977255,0.851403663
206,0.515594184,0.843016978,0.50025934,0.840595182,0.513866186,0.852541052
207,0.518888116,0.851519263,0.501162171,0.842640293,0.512277126,0.851169617
208,0.514713883,0.830156817,0.503126323,0.841338262,0.512371838,0.848693305
209,0.517220795,0.829448659,0.50601238,0.843545826,0.51361239,0.845230672
210,0.518752098,0.850608585,0.5040797,0.840004374,0.513909638,0.844568928
211,0.513736308,0.848503813,0.50182122,0.842651678,0.51530391,0.849927575
212,0.512804747,0.834878022,0.51147908,0.840897099,0.51088351,0.85307603
213,0.513814569,0.838363206,0.508559883,0.845610094,0.510036349,0.853192615
214,0.509592831,0.852513247,0.50297147,0.840328842,0.512491286,0.850064412
215,0.511142731,0.845938393,0.498341054,0.840437546,0.50966382,0.846679283
216,0.511902392,0.837461177,0.500031114,0.842702472,0.510380566,0.84918767
217,0.507460594,0.844079052,0.502283752,0.841583692,0.514903724,0.85212671
218,0.513326526,0.852734923,0.505934,0.843482005,0.511141598,0.851404101
219,0.513745785,0.837393853,0.499051809,0.843589832,0.510848999,0.852114449
220,0.50866586,0.837110108,0.499375612,0.847961501,0.510298669,0.849168732
221,0.510620952,0.85124734,0.501271129,0.849017773,0.506429553,0.850257407
222,0.510953724,0.849640327,0.50198096,0.842518344,0.512871802,0.850571585
223,0.50870502,0.839404919,0.49870801,0.843586439,0.511613429,0.846374082
224,0.506605923,0.842667113,0.497563064,0.844467669,0.507556975,0.84615569
225,0.510217309,0.854133835,0.499833018,0.841123592,0.507901669,0.844873692
226,0.505459547,0.844503028,0.497901767,0.838444542,0.509687901,0.847577044
227,0.506449759,0.839972957,0.500239313,0.839526649,0.509197652,0.853629727
228,0.503922343,0.848878856,0.497678995,0.845240634,0.511399806,0.854260601
229,0.504211605,0.851159874,0.494582057,0.842733561,0.509041011,0.85328041
230,0.507324576,0.843691201,0.49624157,0.845156671,0.50924325,0.848347929
231,0.504577577,0.845136747,0.497566074,0.850963267,0.510117412,0.847557558
232,0.505102098,0.853292014,0.496333927,0.849401573,0.504960239,0.84955702
233,0.504910827,0.848710382,0.496281624,0.843525136,0.508500814,0.847205504
234,0.50238353,0.845817867,0.497166157,0.842728744,0.507314324,0.846547044
235,0.507928014,0.854574231,0.495883256,0.847175619,0.50682807,0.846127009
236,0.502026737,0.85390373,0.501773179,0.842342426,0.512501597,0.85107208
237,0.503792405,0.847172663,0.495694369,0.846656952,0.502937138,0.853223267
238,0.502664268,0.854383426,0.502085507,0.847681478,0.507423103,0.851328567
239,0.500526667,0.852976084,0.495141566,0.846309495,0.508576393,0.849256745
240,0.500044763,0.846973757,0.495222062,0.841874663,0.506183743,0.847108952
241,0.503470302,0.850384611,0.497429043,0.841703014,0.510233879,0.851186037
242,0.500971735,0.852819871,0.498180449,0.845955689,0.506921649,0.850839457
243,0.505781949,0.845678293,0.499570519,0.841208212,0.512925744,0.852821732
244,0.502639949,0.85196371,0.496789068,0.846278187,0.519665062,0.851224352
245,0.505901873,0.850569724,0.494350582,0.849698127,0.50676775,0.85435978
246,0.512001753,0.850401359,0.49597311,0.850033651,0.507482648,0.853824364
247,0.515073657,0.849179569,0.497650504,0.846565216,0.510430694,0.849559319
248,0.511376381,0.852758787,0.495005488,0.845565649,0.506734669,0.845848738
249,0.499697328,0.851197641,0.494517356,0.845975613,0.504687965,0.845395205
250,0.502787709,0.847353288,0.495014697,0.844608885,0.504317045,0.847366205
251,0.504337728,0.84782554,0.491769761,0.844365096,0.50990212,0.852081061
252,0.503528714,0.854887752,0.492621064,0.846799262,0.508025467,0.85496252
253,0.501768887,0.847528877,0.494440466,0.846422687,0.504366994,0.857823946
254,0.504480183,0.849027516,0.49408868,0.846955804,0.506607533,0.858063684
255,0.508203626,0.856251196,0.491445541,0.847674909,0.506147563,0.85402754
256,0.501718163,0.8425687,0.493839353,0.847147375,0.505773067,0.848864406
257,0.502236307,0.850722872,0.494093031,0.844138932,0.502029121,0.843823769
258,0.508690536,0.856055959,0.493255496,0.844210853,0.506533027,0.844865372
259,0.506067574,0.835452409,0.494107962,0.84552219,0.50769186,0.849954833
260,0.503052235,0.850480944,0.489945054,0.845079057,0.503329813,0.852299672
261,0.511127114,0.856829001,0.491173685,0.848509396,0.504756927,0.853479645
262,0.509861052,0.824133581,0.493092358,0.849869556,0.502335072,0.854240896
263,0.508632243,0.834242113,0.492575675,0.849878204,0.505117297,0.854907347
264,0.510406911,0.84750075,0.491363436,0.849015365,0.504011393,0.854020643
265,0.498564392,0.856035127,0.491528898,0.847652249,0.505523562,0.849018539
266,0.506696939,0.838318761,0.496153563,0.848006055,0.501543939,0.848344426
267,0.503635824,0.843008987,0.491126001,0.849826097,0.500644803,0.850619423
268,0.508692861,0.85660773,0.49225834,0.847634844,0.502938092,0.853580904
269,0.500199556,0.841000767,0.489528984,0.844987869,0.507122099,0.856119285
270,0.50224793,0.837228663,0.4917292,0.849238683,0.506282449,0.852913906
271,0.497581154,0.854340404,0.49148795,0.846741462,0.502031624,0.851814174
272,0.503001511,0.856802312,0.494709134,0.849361836,0.502662182,0.852519158
273,0.499248087,0.851012419,0.499981761,0.84698952,0.502332568,0.851949807
274,0.500326216,0.842274227,0.494815797,0.849982419,0.503226817,0.850692111
275,0.503220022,0.853916319,0.493561208,0.846776164,0.510948956,0.846960839
276,0.503919005,0.857028509,0.491379291,0.846587329,0.50437063,0.854315336
277,0.502841651,0.848487721,0.491942585,0.845003851,0.50526309,0.860010601
278,0.503248394,0.845980977,0.496419609,0.842897109,0.502468586,0.856978731
279,0.499858797,0.854214842,0.496581286,0.850228726,0.500229597,0.850991838
280,0.501687407,0.856459847,0.497703731,0.848660026,0.503736675,0.846034617
281,0.498081893,0.852930436,0.489414692,0.847446884,0.500980735,0.847779781
282,0.50296098,0.838934747,0.49329409,0.848155481,0.499637216,0.850975637
283,0.497267485,0.849919912,0.4995327,0.84529723,0.506460547,0.854184191
284,0.501147807,0.856379891,0.496042252,0.847724828,0.502787948,0.854839257
285,0.498667926,0.855908994,0.487362951,0.848750229,0.50222075,0.851889927
286,0.503795326,0.846974742,0.494939655,0.848516074,0.500832558,0.851867814
287,0.498878211,0.84992856,0.496178925,0.849599057,0.504217207,0.854423491
288,0.49774611,0.856302747,0.493975967,0.848102826,0.506159246,0.85168084
289,0.495984465,0.857873317,0.489291072,0.849621717,0.507649362,0.851907771
290,0.498465806,0.847648856,0.491406143,0.849130308,0.501125932,0.851769729
291,0.495825499,0.853764703,0.491385192,0.847617438,0.500153899,0.852767435
292,0.500582755,0.856186797,0.491243929,0.85025675,0.502011955,0.852273508
293,0.493526459,0.856101597,0.489077508,0.852481172,0.508517683,0.846009877
294,0.49778676,0.850834968,0.4900648,0.852935471,0.503043771,0.845601993
295,0.49610579,0.852930983,0.492004335,0.851736341,0.498510122,0.849113997
296,0.496671081,0.856362507,0.491853893,0.848336544,0.500864625,0.855843093
297,0.500838578,0.855907571,0.489260703,0.848192591,0.505092263,0.855765917
298,0.494789839,0.85469837,0.488477498,0.845878732,0.501286983,0.85288621
299,0.495490104,0.858062371,0.489082098,0.845591156,0.500312686,0.855309429
300,0.49656409,0.858777973,0.489202082,0.847196308,0.494199008,0.857885139
301,0.494955927,0.851374216,0.486920863,0.846719678,0.496771395,0.855681735
302,0.498727322,0.850786145,0.487742364,0.849340052,0.500427246,0.849995665
303,0.499323756,0.856172577,0.49102062,0.851256426,0.503124595,0.847240862
304,0.498121381,0.856010682,0.492164463,0.850194352,0.499094069,0.851203115
305,0.495345384,0.854596891,0.490825117,0.851058943,0.497935504,0.853433448
306,0.492830813,0.854343141,0.484254479,0.850266821,0.500201821,0.855766465
307,0.495985687,0.8582234,0.486759633,0.850731191,0.495429575,0.858922583
308,0.496991932,0.85763314,0.492668957,0.848595658,0.499832928,0.856762966
309,0.4941113,0.854386491,0.490104437,0.847141026,0.498381972,0.851150569
310,0.490956664,0.859304413,0.486877054,0.850598733,0.49795717,0.851400598
311,0.492280304,0.856221784,0.487748325,0.848448312,0.497845471,0.856578948
312,0.493301928,0.859276936,0.48759973,0.85504714,0.500354409,0.855714029
313,0.495664865,0.856177153,0.485185474,0.851054127,0.499506146,0.852458293
314,0.494608909,0.862921617,0.492726624,0.848169165,0.503717244,0.854971825
315,0.495814592,0.859470916,0.488912284,0.850243285,0.494890153,0.858390779
316,0.493923455,0.85342907,0.489599228,0.84849407,0.499177307,0.854820538
317,0.489957929,0.85628754,0.485153496,0.851140608,0.497683704,0.849262657
318,0.490123987,0.857539434,0.486074716,0.852448879,0.507086992,0.847461225
319,0.488473326,0.860067087,0.4860861,0.849418651,0.498701721,0.852775536
320,0.491408676,0.860993638,0.489034891,0.850535022,0.502426028,0.861988279
321,0.491250008,0.859992429,0.487324387,0.848075897,0.498719543,0.861821119
322,0.493001848,0.856145024,0.485582441,0.847830028,0.500661969,0.853539524
323,0.491933405,0.862789268,0.487722367,0.84977596,0.502542198,0.845520329
324,0.492286265,0.858959912,0.484971017,0.847388209,0.498906761,0.849702505
325,0.494149268,0.860383673,0.485202074,0.851382973,0.496338785,0.856715238
326,0.503221333,0.855737565,0.483721614,0.8500978,0.501312196,0.85733188
327,0.501940906,0.860280881,0.488079876,0.84947251,0.504039407,0.857839162
328,0.508541048,0.860873659,0.486842036,0.85476022,0.49517718,0.85935236
329,0.493745863,0.858708789,0.487296373,0.851058724,0.496460497,0.854408932
330,0.497862518,0.855266188,0.488280714,0.853891688,0.496103019,0.847336977
331,0.521688104,0.856949721,0.485995829,0.850518382,0.499657333,0.847392478
332,0.494963646,0.850310719,0.486069232,0.848576282,0.495252937,0.853434434
333,0.50481689,0.862691402,0.484421968,0.850420845,0.49576816,0.855143692
334,0.506848752,0.856844688,0.487285912,0.846777368,0.496499151,0.858045403
335,0.494561136,0.856149389,0.484298974,0.85412453,0.495165169,0.85823785
336,0.522429764,0.853807615,0.489080966,0.851940392,0.497177511,0.854445714
337,0.53437829,0.85732772,0.486949891,0.849853245,0.499539137,0.849882692
338,0.519138992,0.859191987,0.49008593,0.857011353,0.493404448,0.849801028
339,0.555680573,0.849507868,0.492175728,0.839928074,0.500104129,0.850057406
340,0.519647062,0.832060165,0.488710731,0.857163078,0.493875891,0.848808139
341,0.52951926,0.841306187,0.485958278,0.852256322,0.497435361,0.854271
342,0.507253885,0.857278897,0.488169104,0.843589613,0.494641602,0.861336716
343,0.525288403,0.858255365,0.487720937,0.853740292,0.496073514,0.856456561
344,0.500650704,0.846900959,0.485546619,0.845931168,0.493108839,0.851990639
345,0.519742548,0.842209311,0.489046127,0.853383311,0.494098574,0.855340737
346,0.500937045,0.852338971,0.487848043,0.85422152,0.493409365,0.855427875
347,0.515815914,0.856607029,0.487882912,0.846513984,0.497282892,0.8512226
348,0.499589443,0.85653005,0.480504185,0.852381664,0.496718973,0.85825033
349,0.509596229,0.856504905,0.485699922,0.8503186,0.501326799,0.862193863
350,0.49467507,0.860599979,0.484593689,0.851332179,0.49590224,0.854306359
351,0.505295038,0.865813147,0.489546806,0.858063246,0.49976483,0.847987226
352,0.497061402,0.861838962,0.48780033,0.855910417,0.497855008,0.854152883
353,0.502525747,0.847688046,0.484903485,0.851190745,0.496044248,0.854561861
354,0.498647183,0.839109351,0.483342379,0.852571047,0.49950698,0.849868133
355,0.500255346,0.852629723,0.491011888,0.84425278,0.497652948,0.853009035
356,0.499152213,0.856538074,0.491269916,0.843834168,0.496109903,0.858721049
357,0.499829233,0.848493742,0.490818173,0.853836734,0.493377119,0.855182882
358,0.495706916,0.853543903,0.487042665,0.846736536,0.496628702,0.854497931
359,0.492312342,0.85758318,0.482343763,0.855779054,0.495679498,0.858079886
360,0.493705869,0.857653033,0.486815631,0.855474947,0.490770698,0.853331423
361,0.496101975,0.858288316,0.491339892,0.84039124,0.491674125,0.847904577
362,0.494404137,0.856233243,0.490841657,0.852835416,0.496047914,0.854448888
363,0.490568936,0.856688157,0.48612529,0.854463886,0.495898753,0.858118747
364,0.492385834,0.856881522,0.48634395,0.84737343,0.493401557,0.852818448
365,0.49009499,0.856607848,0.485324889,0.853008925,0.495100379,0.851491677
366,0.491935909,0.861557188,0.486011177,0.85497686,0.493685275,0.856459407
367,0.491035432,0.853167547,0.485201538,0.844097552,0.495149076,0.850737212
368,0.491372406,0.860931131,0.48255226,0.851284122,0.493400842,0.849026421
369,0.489816755,0.86094494,0.483321339,0.853223595,0.491714031,0.859553456
370,0.493898332,0.850730972,0.484485298,0.849804203,0.496603131,0.856441235
371,0.48884818,0.856800514,0.486751169,0.860505951,0.495498747,0.853974666
372,0.492508829,0.857640696,0.482834905,0.856015946,0.496778846,0.855630284
373,0.490612775,0.853220639,0.485616177,0.848140922,0.491216868,0.856068601
374,0.491029471,0.858892369,0.483032525,0.852159551,0.493511736,0.85526378
375,0.493288219,0.857715551,0.486346811,0.846872826,0.494840384,0.857144358
376,0.494267702,0.852131636,0.486913979,0.84853742,0.490297407,0.857916229
377,0.489028156,0.855499359,0.48507297,0.85566214,0.493298948,0.856629304
378,0.496013701,0.847143999,0.487531066,0.848033203,0.490600109,0.857255251
379,0.489812464,0.849652806,0.482072294,0.858020663,0.492513269,0.857978298
380,0.486852586,0.852806844,0.481965423,0.854707127,0.489276767,0.853403235
381,0.49374643,0.860753755,0.482178897,0.844858038,0.492589116,0.857266636
382,0.489278078,0.858683611,0.485728681,0.85443619,0.490236461,0.856265427
383,0.491170079,0.853580357,0.484028697,0.849627519,0.492190212,0.85104307
384,0.487213075,0.861712466,0.484444231,0.857139213,0.495733559,0.853424691
385,0.488596141,0.861953884,0.484735906,0.869231725,0.495236576,0.865557424
386,0.488850176,0.857768883,0.48510921,0.84617846,0.496834785,0.853331094
387,0.486248255,0.863304541,0.482663393,0.851527364,0.49862054,0.853665962
388,0.488126814,0.857326945,0.483137071,0.84577594,0.495330006,0.853020967
389,0.489360839,0.856391659,0.482369155,0.845956784,0.4944444,0.853607286
390,0.486344099,0.861351166,0.486013889,0.853637938,0.497556925,0.849838029
391,0.487257004,0.861905695,0.483387917,0.847444257,0.494917095,0.854330223
392,0.484201491,0.860169551,0.483433008,0.858827891,0.489857256,0.856438608
393,0.487859994,0.858058101,0.480826318,0.855664877,0.492765337,0.854227322
394,0.486715257,0.861431823,0.480778486,0.841929616,0.494602472,0.851186804
395,0.484679461,0.860476285,0.483712912,0.853015822,0.497440904,0.850379465
396,0.488652974,0.860960469,0.482614994,0.847015574,0.493505627,0.85303892
397,0.486241549,0.856750314,0.483788729,0.858067516,0.496262401,0.855145006
398,0.486275136,0.856649,0.482021481,0.859158599,0.493182003,0.85699964
399,0.482066691,0.846442255,0.483304262,0.848161721,0.488648921,0.852076244
